prolific_pid,political_affiliation,age,gender,ethnicity,student_status,employment_status
67294473dbb580a0ca93f60f,Republican,40,Female,White,False,True
5e29c3e725dcfd01cef9f474,Independent,47,Female,White,False,True
6789a3633d3d26346e189cc0,Democrat,33,Male,Black,,
6620b6a209127dafd5b2dfb9,Republican,37,Male,White,,
675a1c9c5cac55bc951ff999,Independent,53,Female,White,,
5c36e40e299f82000103ce0a,Democrat,44,Male,White,,
673b138dd177a7bf936e4a26,Democrat,46,Male,,False,True
67094d6215b6d0fe3e8c3e39,Republican,24,Male,White,,
682b8071ffc2da7edd49f10c,Independent,50,Female,Asian,False,
67d6838d9d907f59aef03ac5,Democrat,77,Female,White,False,True
6722b6b9cb69415ce7f4c688,Republican,42,Male,White,False,True
5c3b70640eaa0100018ea877,Democrat,60,Male,White,False,True
5e10d288a2c6967a2c655aad,Independent,34,Male,White,False,True
674d1412e0b30ad8c359b635,Republican,42,Female,White,False,True
56259489ed6e5a0005c80fde,Independent,39,Male,White,False,False
67ef9182644dae9ea4e3bb3d,Independent,22,Female,White,True,True
610e0a1e95c323743ff02dcb,Democrat,39,Male,Black,False,True
63d82b2de40f94ceb14816cc,Independent,32,Male,White,False,False
63d5d501b1850f8500329be9,Independent,34,Male,White,False,True
66d0a375c1c8aa9cac493997,Independent,41,Female,White,False,False
6786ef06b18cba5787ac1aa8,Independent,41,Female,Black,False,True
6143af8721d1445864c4f6c8,Independent,53,Male,White,False,False
634ef87aec0966557c825573,Independent,31,Female,White,False,
67e18df3adc77c0702ba396b,Republican,62,Male,White,,
653f2424042d03012eb92ef5,Democrat,68,Female,White,False,True
616fc252f8d37fa2ca0368fc,Independent,23,Female,White,False,False
666f76b68b89442817be678a,Democrat,49,Male,White,False,False
6743e31b8d80b64c6fad696f,Independent,61,Female,White,,
6776fdb9f2bb1472a74842a4,Republican,72,Male,White,,True
65fa95fafeda35caf378b6f9,Democrat,22,Male,White,False,False
6624638357b56eb340c8f109,Independent,55,Male,White,False,False
66a6bbb40b48d0e4f326767e,Independent,33,Male,White,True,True
5d0d16d991270800010b7dd7,Democrat,38,Male,White,False,True
670ae0f9f8f15de0b8286141,Independent,21,Female,White,False,False
66bd73db3481a3d17695c23e,Independent,31,Female,White,False,True
5dec8925be656d35d4005320,Independent,61,Male,White,False,False
67722f8e3a4f08a288a1f640,Independent,57,Female,White,False,True
65a4598a91a3f0e75374a8c4,Independent,30,Female,White,,
68102bea119043ca0534c699,Democrat,56,Female,White,False,False
67648b2d2ca3bdd206096be7,Republican,27,Female,White,,
647c65c5acb91c89819c7970,Republican,56,Male,White,False,
651ed17c366df83eeabae9dd,Democrat,56,Female,White,,
5f1e7c6768c1bb8491f39191,Democrat,23,Female,White,False,True
5f5e32a0d6a12c6857b8e127,Democrat,29,Male,White,True,True
666b68ba62cb93ed734157c1,Democrat,61,Male,White,,
65d942ce4ea2fe978c283416,Republican,59,Female,White,False,True
675aaec58dfc729c338a52eb,Independent,21,Female,White,True,True
671ebf7776922e1fe2259938,Independent,42,Female,White,False,True
63f78071721a6cacdd63d835,Independent,23,Male,Black,,
67d29a840debd6b228515177,Democrat,20,Male,Black,True,True
5f111456d672e8471ca03f46,Independent,38,Female,Black,False,False
657a6ecc62c29be44b207d5d,Democrat,69,Female,White,False,False
670c2b766792a7485cadd733,Independent,25,Female,White,False,False
67439be8ee2236a7c078d523,Democrat,35,Male,Mixed,,
62fbdda6e4b5a034b71296f8,Republican,32,Male,White,False,True
6769585e25b05c3ef79f9404,Republican,29,Male,Black,False,True
5cbcfce214b3cb0015f03471,Republican,46,Male,White,True,True
67db7e4c396dc0b285673810,Republican,56,Male,White,True,True
67d29732f4c73016f59056f6,Independent,60,Male,White,False,True
67ba21c0b541eea63c1ec480,Republican,63,Male,Black,True,True
5f5967d6e280e61b2db8e55c,Democrat,30,Female,Asian,False,True
67ed9a852acc297ce08a0b83,Democrat,55,Female,Black,False,True
67f052147bb0231d3bddc9df,Republican,59,Male,White,False,True
6717a3ab506a42c9725a54ab,Republican,25,Female,White,True,True
67eff64644dbaffed18ecb37,Democrat,26,Female,White,False,True
672adb2909ca72744f212a7d,Republican,55,Male,White,False,False
65c25e3de8b230c294f2b32c,Democrat,52,Female,White,False,True
56b53292a9d33a000c8981a6,Democrat,47,Female,White,False,True
667ae31217cd77ff1091dcab,Republican,56,Female,White,True,False
673b834c1ca9feb154a86523,Republican,58,Male,White,,
66ae5ea80e7d6cb1df435da0,Republican,49,Male,White,False,True
678c89e7d72ecd785f475dfd,Republican,43,Male,Black,False,True
67aac3d6da39590556da57b4,Republican,21,Female,,False,True
67682f6c22691dbfb82ae15d,Republican,68,Male,Black,False,False
663140c398e19ff9b77d4663,Independent,33,Female,Asian,,
65cbb41e2614de61e770c67c,Independent,23,Female,Asian,,
671c2f80215fa38dd1755948,Democrat,36,Female,White,False,False
670dbc335bb9e80f94a636ca,Republican,38,Female,Asian,False,
66a7cf3480e5c2088515ba0b,Democrat,25,Male,White,False,True
680ec630bc2232d82dc78119,Republican,62,Male,White,False,True
6669d0b650f615804a4d534f,Democrat,37,Male,Asian,False,True
6742d74e9f7b3b029a3791a6,Independent,37,Male,Mixed,,
675cb36b51ef22e70c4da7e2,Independent,56,Female,White,False,True
67542c40610c0a42c85564d3,Republican,21,Male,Asian,True,True
669dbd856a36321b0839f78e,Republican,37,Male,Asian,False,False
67e0a8458369d92d9789b0b4,Independent,50,Male,Asian,False,True
65e442f1bf350cd00afae308,Independent,20,Male,Asian,True,
6527f153bea7b2d7c0d556e4,Democrat,20,Male,Asian,True,True
58a202ac66e4640001c52bfd,Independent,55,Male,White,False,True
678fd5da7891fe38414d8243,Democrat,42,Female,White,False,True
63d176dbaef5e7827cd86954,Republican,47,Female,White,False,
670211aa7578cc81a0c41fb7,Republican,29,Male,Mixed,False,False
5f286e5b0e308218f22dc145,Democrat,26,Male,White,False,True
6604610e7a4c3d8b8aa2309f,Republican,53,Female,White,True,True
671dc9c239d6c9c60589d4b6,Democrat,28,Female,White,False,True
66bebab38c31e1f15e3e1fd5,Independent,29,Female,,True,
67001b28a9974a03b6ffec54,Independent,35,Male,White,False,
676cf85a261dedbddea3e240,Republican,51,Female,,,True
66ae44d4d5c3b4b3ac74a2b5,Independent,34,Female,White,False,True
55b47001fdf99b615b12d66c,Democrat,66,Male,White,False,True
675a2ef45fbe0cc52b8403ae,Independent,49,Female,Mixed,False,True
5f0144a4a28292298e381c49,Democrat,23,Female,Black,True,
669a800eaf38a94d6ecc4227,Democrat,25,Female,White,False,False
60d7b3469a65ac7408cb9dd3,Democrat,61,Male,White,False,True
66823a439b3e59a13b37a28f,Republican,23,Female,Asian,False,True
5dd38420a71de83809342ca3,Democrat,55,Male,White,False,True
67e73cc7cf25bb683f36f62c,Independent,20,Male,White,True,True
5d2f98b94fc1dd0017fe48d5,Democrat,40,Male,,False,True
5ca6c71383762200151a4a20,Independent,74,Male,White,False,False
67e9651d69c53446e96e9b9b,Republican,51,Female,Black,False,True
6650ba88f2e4099801ab8357,Republican,55,Female,Asian,False,True
66aeec26cc2673ace980d19a,Republican,51,Male,,False,False
67292853b40a883abd4ec808,Independent,28,Male,Mixed,False,True
667720b9422d96e4a01b7163,Independent,79,Male,White,False,False
664c4db73e21a54a4f9bb02d,Independent,40,Male,White,True,True
67576d5adda1d61144933b93,Republican,47,Male,White,,
67104869a47a61b561900be7,Independent,63,Male,White,False,
5f91fe1f5ed1060f5afb58a7,Democrat,32,Female,Mixed,False,True
680d155019b77b986ff85126,Republican,65,Female,White,False,True
67dcc12657e2fe1375df7f89,Independent,30,Male,White,True,True
673e4bb5a72b31d5273da10e,Independent,34,Male,Asian,,
67eee7f5a1313c7666e0804b,Democrat,29,Female,Black,False,True
6562177a48308eebbb6359ea,Independent,53,Male,White,False,True
559ad287fdf99b219a612d22,Independent,45,Male,White,False,
65c18c789a79785086046517,Democrat,59,Male,White,False,False
622f7f35376a1f92763ddbe2,Democrat,71,Female,White,False,False
673ab124dd6f6df06b143da0,Republican,44,Female,Black,False,
5fa4c21a04bc5912180291bc,Independent,43,Male,Black,True,
67f2e663124c56672ad024e7,Republican,33,Female,Black,True,True
5d206e075278fa001848134d,Democrat,24,Male,Mixed,,
610f326ceebada4236a67080,Republican,60,Male,White,False,True
61647de75314468d5cb57f93,Independent,26,Male,White,False,False
657890ac2c4211e7573f1069,Democrat,40,Female,Black,False,True
5e2d295390840b3279624b90,Independent,73,Female,White,,False
653703627539f3a8b2ed4af3,Democrat,45,Male,White,False,True
67636459c91817e52d97daeb,Independent,34,Male,,False,True
68114b50b766b8f5b3b6cc8e,Independent,54,Male,White,False,True
666fb6f24d1c14f333eb4a0a,Democrat,47,Male,Asian,False,True
6747603ffa5c374fa8cfbe30,Republican,45,Male,Black,,
67cc19075872702b5a401742,Democrat,66,Female,Mixed,False,True
5d08863135437d001dc2fe61,Democrat,24,Female,,,
66290ede1ab02829b1c72509,Independent,37,Female,White,False,True
6638ed262efe738312dfc56c,Independent,22,Female,Mixed,True,True
63c5c3192e709e19fc67d5dd,Independent,61,Male,,False,True
67f067f743c72104040dc225,Republican,58,Female,White,False,True
57210674951c9b0011d3eaaa,Democrat,60,Male,Black,,
665798aa51cf2402886e64fc,Democrat,59,Male,Black,True,True
66a75a5696b41c6b5b064028,Democrat,24,Male,White,,True
5e2ffb147672de590836d96d,Independent,46,Male,,False,False
6653ae434d386b6218f51efb,Democrat,76,Female,White,False,True
66eb8f1bb2f36d46387aa1b2,Independent,59,Male,White,False,False
67f22eef2211291a2f131752,Republican,24,Male,White,True,True
67d47bef1b8777e754726be0,Republican,54,Female,White,False,True
65d18312ec01276835092542,Republican,36,Female,Mixed,False,True
67886304e14cde87368e3688,Republican,63,Male,White,,
5e059d2bb1fb05fd1f841142,Democrat,60,Male,White,False,True
66eb5adf63cae551875a7667,Republican,64,Female,White,False,True
629e633c82ed7bd84fce0f9a,Independent,31,Male,White,False,False
633d785ff76adb41addde965,Independent,41,Male,White,,True
664439645a9a29be43d5bf5a,Independent,42,Male,White,,
6377f66842f176507f4679a2,Democrat,57,Female,White,False,False
67ed7edbe57ce7b9014a8400,Republican,57,Female,White,False,True
67ceaaabfe39e6988926f561,Independent,20,Male,White,True,True
665d2b1b4aa592a13b14c2f9,Democrat,32,Male,Asian,False,False
67dc489d382612526415e4b1,Independent,56,Male,Black,False,
67d333d20a0db283d76baa22,Independent,56,Male,White,False,True
5e916cb9e502b1498e8fc059,Democrat,61,Male,White,False,True
60fdf18884991b2263f75eec,Democrat,24,Female,Asian,False,False
6287a355e0dbfe43e55850b7,Democrat,27,Male,,True,True
663fd4658572150cc2416c27,Independent,35,Male,,True,True
67f2f64e60aeb0e5b30b9e7a,Republican,60,Male,White,False,True
6766db6e81656684712d6f0f,Independent,30,Female,White,,False
6786d0ddbdaf5913a06fa9c4,Republican,19,Female,White,,
67838c00a0e049fdf173f9bd,Democrat,41,Female,Mixed,False,
67221c4369ba09d32e88904c,Independent,59,Female,White,,
67d0cc828bfd59e16a23360d,Republican,65,Female,Black,False,True
5c6a36214fbf270001311702,Democrat,47,Female,Mixed,True,
5b98940f754b700001f0f15c,Republican,59,Female,White,False,True
674dcf86d562257d64750471,Democrat,54,Female,White,,
678f0bb28ec3307e4f1afb78,Democrat,55,Male,White,False,False
56e6a66af6ed900006a5867c,Independent,45,Male,White,False,True
67628abfa461bc8ff539c320,Independent,35,Female,White,False,
59d662aa0c0c7100015b9af6,Independent,43,Male,Asian,False,True
60087afa0a5c054c002eaf0e,Democrat,45,Male,Mixed,False,True
6266b4ea9408fc167507d923,Democrat,53,Female,Black,True,True
673f494dab8921fb3cb99225,Republican,30,Female,Mixed,,True
663193b3401cd39654458e20,Democrat,38,Female,,,
67e3f310e2ed4df9e5771e9d,Republican,70,Female,White,False,
6091b418d1cddb4526a44543,Democrat,59,Female,White,False,True
680e77f1b497bfe3d4df3514,Democrat,59,Female,Black,False,True
5816176700b325000184dba6,Democrat,32,Male,Mixed,,
6712af54b9c073fb6f726116,Republican,56,Female,White,,
66045b87ffe71e6e521f357d,Independent,54,Male,Mixed,True,True
65457d010fa4284b0c637029,Democrat,29,Female,,,True
66f75ca6c63db2214194b1cc,Democrat,55,Female,,False,True
605a2dbead400eae8de18f8c,Independent,30,Female,Black,False,True
67d18c20050ecfd766de3af3,Republican,58,Female,White,,True
670231648fb4534467d1e6b7,Independent,33,Female,White,False,
67d6ffe7dad4354b208e186d,Independent,69,Male,Black,False,True
564d4918b48dec0005b51a1d,Independent,34,Male,Black,,True
660604f1a9c44af2909516f6,Republican,28,Male,Asian,False,True
6759f93221773b62cc8afd53,Democrat,59,Female,White,False,False
5c55c45f53fba80001bcf323,Independent,34,Female,Mixed,False,
675cf0bd30942630672d19ef,Independent,39,Female,White,False,True
67cc3eed8e11f5ac44b6e131,Democrat,73,Male,White,False,True
55ec49b67480920010aaa4e8,Democrat,35,Female,Asian,,
663afb4c74805516d7983f27,Independent,47,Female,White,False,True
6737ec89389ac9b1b64baae5,Republican,42,Female,White,,
67884b1aa6c55d9dd2388778,Independent,40,Male,White,False,True
654beb18b762f5afea837c8b,Independent,55,Female,White,True,True
66a9843c53827f826e9738ed,Independent,44,Female,White,False,
66ea0d37cc9d6b27f0b8dbc8,Independent,21,Male,White,True,True
5ea361c1e8046c12f27bc2c8,Independent,24,Male,White,,
67dc849f4725aad5978b9eb1,Democrat,58,Male,,False,True
6702ebdec4a64e7153741612,Democrat,73,Female,White,False,False
67ebc24ee98e314102e23f1a,Republican,54,Male,Asian,False,True
652c5f38cf13042034313b91,Republican,39,Male,,False,True
6735b2a6112cf17b7b8df8d1,Democrat,20,Female,White,,
664d68084aff042dd5ad8ef5,Republican,59,Female,White,False,True
6323781f75962af097c34b5e,Democrat,20,Male,,True,False
581d38509b5b8800014d507e,Democrat,42,Male,White,False,
568e7f66e3ef9e000ba1a089,Democrat,66,Female,White,False,False
643ead9be9be7fa2c20e1a53,Democrat,59,Male,White,False,True
5e64a02eb7d70b20f250b129,Independent,67,Female,White,False,
5ec195df3f2aec276ff0bf33,Independent,75,Female,White,True,False
647660ef7bc13de7eaf0c76e,Democrat,67,Female,White,,True
682e2024114ae6320fad7017,Democrat,45,Male,Black,False,True
66f1b4e2d875c6785ca1d50a,Republican,22,Female,White,False,False
5c0765e10ea1410001a9dc5f,Democrat,45,Male,White,False,True
5dfdc45e617219a8e2e05c26,Independent,29,Male,Black,True,True
58f5365dfb4d7500014aeebc,Republican,32,Male,White,,True
56c4d3b98bacd7000ccf91d7,Independent,66,Female,White,False,True
660f113063fb52251a432e53,Republican,53,Male,Mixed,False,True
5c7c1f95e926fc00160b4b45,Republican,60,Female,White,False,True
6711938cdab75bc0f20337b5,Independent,25,Female,Black,,
64d631bbcf9c7ecdca600917,Independent,52,Female,Black,False,True
5d0eb8f40c09d600174dca28,Independent,56,Female,Black,False,
63fad8b20e532757a496f7f5,Independent,56,Male,Asian,False,True
63f05f6e14cd5db2dc163524,Democrat,66,Male,White,False,True
67e8efb9ebc7156e3f21279c,Republican,58,Female,Black,False,True
67d1bd56443fbe8de408eac9,Republican,23,Male,Black,True,True
669dc0a58f347e772c21aea1,Independent,22,Female,Black,True,True
616b5241d8eb9504f10a5cb2,Republican,60,Female,Mixed,False,True
6266db0dcf3e4f16fb9d7c56,Independent,59,Female,White,False,False
67eb12ac77e02b9e6f58e896,Republican,20,Female,Black,False,True
66b9c975ddf449c63c6f5a40,Independent,44,Male,Black,False,True
67854ba4bab6fc4b80eba268,Independent,47,Female,White,,True
56c1adc20aab29000c7d556a,Independent,40,Female,Asian,False,True
62f708e4d875cdc4a05333c5,Independent,46,Male,Black,,
665a6199d8b2172da1b7b7b0,Republican,38,Female,,False,
644f162cac2c2b8aa0583b89,Republican,55,Female,White,False,
673378009f99d14c232c1f2b,Independent,37,Male,Mixed,True,True
6110cb9fd3ba23cecacc8fc4,Republican,22,Male,Mixed,True,True
6814551cb3e4593de7724786,Independent,62,Male,White,False,True
668a6f07c623b9b9500b962f,Republican,61,Male,Mixed,False,True
652177a98948564c40f43f99,Republican,46,Female,Asian,False,
644857a2d21eca3ffb31101e,Republican,63,Male,White,False,
5ebb4e079797f9127c0f03ab,Independent,38,Female,Mixed,,
64d5323f567c88a7df95b47a,Democrat,55,Male,Asian,False,True
62694f79608ed29b7af936b1,Republican,58,Female,White,False,True
59947fcac825cf0001d7dcca,Independent,37,Female,White,False,False
5a8dc255b093f80001a82a3c,Independent,38,Male,White,False,
64572f8d127293d227cca2b5,Republican,69,Male,White,,
67ec659b81e3abaf3f471d09,Independent,55,Female,Black,False,True
5cf804f0c5cf0e00010c02d5,Independent,37,Female,Mixed,False,True
6460a5c4be2b393475006c79,Republican,55,Male,,False,False
67cf60241dff02d9e0dab2b6,Independent,50,Female,,False,True
60dbf6f5a1694ed71ee0fd7f,Democrat,36,Female,White,False,True
674fcc8a3dba77858ab948d8,Independent,19,Male,,True,True
66861f98588bfc85c98bb613,Independent,24,Male,Mixed,False,True
5bb7d8139b5f7e0001d43a6c,Independent,34,Female,Mixed,False,True
65c58be606be5633a2a68984,Independent,66,Female,White,False,False
66e9977b1c4319605e488650,Independent,46,Female,White,False,False
67de0c86edec4b1fb38789b8,Republican,38,Male,Mixed,False,True
672c74f54295206bddb0146a,Independent,31,Male,Mixed,False,True
5c804f4092ad770015846011,Independent,60,Female,Asian,False,True
60a202f048762ada5381474a,Republican,54,Female,Mixed,,True
66436e0c091888a5fc85584e,Independent,69,Female,White,False,
6670e05a65d32df6fa3e7560,Democrat,57,Male,Mixed,False,True
663633059d5ba66fc519115a,Independent,61,Female,White,False,
66f2698be6c575e403ed1b4c,Independent,19,Female,,True,False
67b6e6cd3ff52d5036ecc0f9,Independent,63,Male,White,,True
6660977a350481fcb13e7f2d,Republican,55,Female,,False,False
5d344bd3b0f315001a122275,Republican,58,Female,White,False,True
6779ab59311fd2904146f0d7,Republican,30,Female,,,
63d40219337fe37c8de6582f,Democrat,55,Female,Asian,False,
6678757b671f246b4c1b4f6c,Republican,28,Female,Asian,False,True
656545393d1d53cd53c4fc36,Democrat,60,Female,Mixed,False,True
66675bf77433a02b73aba5bc,Independent,41,Female,,,
6471243669fd3f43501ed674,Independent,67,Female,,False,False
612c6bd26f5f81c5765989d9,Republican,33,Male,,False,False
59d1e366faf42e00012b6c1c,Independent,58,Female,Mixed,,False
67e5dcf60b37d83a081ae99a,Republican,19,Male,,True,True
5fefefa4c9707d3516361c9c,Republican,59,Female,Mixed,,
65cd164122345f20629bede9,Democrat,50,Female,Asian,False,
5e57fdd4ba0130000c520c46,Independent,62,Male,Mixed,False,True
5d8a64630ffb9c001746ca2c,Republican,66,Male,Asian,False,True
673a107473bf93fdec63a382,Democrat,51,Female,,,True
65c243c37e0d77ca70ee030e,Republican,24,Female,Mixed,,
5e10f9d02d21857cd4d266b8,Democrat,23,Female,Mixed,True,
664287debe4750708ea0ecf7,Republican,61,Female,White,False,True
67757553ccb7cd2a4385b679,Republican,59,Female,White,,
67364113bdafe2840fa05b69,Democrat,55,Male,White,,
67a3d7630e4bb8e956829fca,Democrat,69,Male,White,False,True
650072ae8de93bfe76ee318d,Democrat,73,Male,White,False,False
62ba066a4093b931382ec48f,Republican,61,Female,White,False,True
651090beae417ded35c4ef2f,Independent,73,Female,White,,
669a92a7634bd2faf6fec077,Republican,62,Female,White,False,False
66293ab7b323f5f7ce785c38,Democrat,55,Female,White,False,False
5f57c697f9f7d02d07909dbb,Democrat,56,Female,White,False,False
626976d0dfd20d6832fc92aa,Independent,55,Male,White,False,False
628f7e982aad1788d940317a,Republican,71,Male,White,False,
63fa2f029381a13d9f2a36a8,Democrat,55,Female,White,False,False
63a0d718bbed03d92665039e,Democrat,57,Female,White,False,True
66cf958a28d904cf6acd0f1c,Democrat,67,Female,White,False,True
67c7e250b3d28dd21344b3ce,Democrat,73,Male,White,False,True
65cbd7028fd63abe5e4bd7d8,Democrat,59,Female,White,False,False
6329e23d509947bfd4c50ab3,Independent,29,Female,White,False,False
677c72baf34be54a8e7b903e,Independent,32,Female,White,False,True
5c0da14d656168000159da7a,Democrat,55,Male,White,False,True
55b9a9b0fdf99b6906d2aba4,Republican,70,Male,White,False,False
5758a78d768081000631a322,Republican,57,Female,White,False,True
5ed559e5afbd830e2117ed55,Independent,64,Male,White,False,True
5dc483cf74939e34e55c3619,Independent,75,Male,White,False,True
650d9650bb81532e8e16d578,Democrat,70,Female,White,False,False
66d36598db306c67c37bde18,Independent,44,Male,White,False,True
5d22526f851927001e3a515a,Independent,75,Female,White,,
669036d23349747de1e78aba,Democrat,60,Female,White,False,True
604bd44cb5668ba12cc9376e,Democrat,76,Female,White,False,True
66ecded667f721bca7e5609d,Independent,33,Male,White,False,True
616b2966d0aee4f9879a656b,Independent,42,Female,White,,
559e6830fdf99b4f0b98514a,Republican,49,Female,White,False,True
67a60aab3179b5e743db2a2b,Democrat,67,Male,White,False,False
6722791fac231101f4a89c8d,Republican,53,Female,White,False,True
641a43f78351cc4fefe31190,Republican,50,Female,White,,True
5e8aa4d80eac7e756a72f478,Independent,32,Male,White,,
5d847ac9be4b0b00188463d7,Independent,28,Male,White,False,False
58effc65c31d4d00015aa5b9,Republican,51,Female,White,False,True
6630f0ba3c7dd0308672336a,Republican,51,Female,White,False,True
66f823877596b277dd11eeea,Democrat,60,Male,White,False,
676ed8014625d5ebd417b5f2,Republican,60,Female,White,False,False
5a776b5aae9a0b0001a9631d,Independent,38,Male,White,,
559c3e07fdf99b32b55f2d8d,Republican,35,Male,White,False,True
6630706b75f4ca6c14e46a19,Republican,50,Male,White,False,True
675de3bd64119cef93edfc75,Republican,46,Male,White,False,True
678aa64ac933281b1ffdd807,Republican,54,Male,White,,
677867dd92e5cc616ab5ffce,Independent,45,Male,White,,
66eb1a41306925cf993d6490,Independent,37,Male,White,False,False
5dd2f0818950ba2f90b01bc1,Independent,42,Male,White,False,True
5fbb89e20ddd50a66ab62a67,Independent,51,Male,White,False,
677d6372236fb58f90441e27,Independent,48,Female,White,,
5bd7971b0aac450001f951aa,Democrat,59,Female,White,False,False
66bcf6ae07e40789d4193872,Democrat,64,Female,White,False,True
6472a86d375de763928da935,Republican,68,Male,White,False,True
659587f05678e3d1c10c78c4,Independent,50,Female,White,True,True
66ba7fb4e4657773cfbc9189,Independent,51,Male,White,False,True
6720f4ced2a11d4e702566fa,Independent,54,Female,White,False,True
5fb2041681fe9376804e1249,Democrat,43,Female,Asian,False,True
646e4572cbed17f6bbacec12,Independent,40,Male,White,False,
673e249d764205ff4fdc5af1,Independent,30,Female,White,,False
644b1e452a0061d713dcbf4a,Democrat,51,Male,Asian,False,False
6151e479b4ee16668948c7f2,Democrat,72,Male,White,,True
67100ebfdff024af85baf3ad,Independent,38,Male,White,False,False
5faefcc22be93b11829e84df,Democrat,36,Male,Asian,False,True
6629bbedc653905aec303c60,Republican,50,Female,White,False,True
5b2f2c586d601d0001d5cd73,Independent,40,Male,White,False,True
5fdb797c39b7316ce0c8f2cd,Democrat,62,Female,White,False,False
5ef9338e3fa1390009d94b76,Democrat,51,Female,Asian,,True
63d14f9af4f2e033177bbe4c,Independent,47,Female,White,False,True
607668ac450fc6e3025a131d,Republican,49,Male,Asian,False,True
664a08c5a2c484ea3a7a7065,Republican,52,Female,White,False,False
5eb52896e034073a7b8aa981,Republican,47,Male,White,False,True
62ed458d61ebd1930833e95a,Democrat,61,Male,White,False,True
652c065fd5f312d8e02e1cf5,Democrat,22,Female,Mixed,False,False
67ca0d493f0094aaecca945e,Republican,63,Female,White,False,
674bea1eb044fbe75795fef1,Independent,47,Female,White,True,True
65031f68de6e940396216f8a,Republican,57,Female,White,False,True
634656bd2603b4db42ae94e1,Independent,59,Male,White,False,True
66dca29d14f4d3d03a07c762,Independent,26,Male,Asian,False,True
5a791168f49c9a0001f31061,Democrat,47,Male,Black,False,True
63671bfc81a5eca4218b6417,Independent,54,Male,Asian,,
63d18647419ae52f5e141607,Democrat,37,Male,,False,
678da017eecfeb40cd30b706,Republican,45,Female,White,,
558d8d71fdf99b534f79b352,Republican,37,Male,Mixed,False,False
5e76ea9839c4412605dd2070,Independent,27,Male,White,False,True
6108c5e8137828e1aec396da,Independent,22,Female,White,True,True
5dfb693a73d72487b1fe495b,Democrat,70,Male,White,False,False
6134d8a566bc3dffe880e879,Republican,68,Female,White,False,True
65d2f996341d070378ca56ec,Independent,46,Female,,False,
672268205351c30413c9837e,Independent,50,Female,Asian,False,False
5ea4c85a360fe448ea95349d,Republican,54,Female,White,False,True
651ae57627ffac02d6ffe7d2,Independent,58,Male,White,False,True
6721e0cdee986d2d536f5725,Democrat,46,Female,Mixed,True,True
66a57a8aa709312db9ddd8b2,Independent,46,Female,White,False,False
5f85f217f845b10f388f2ce7,Independent,54,Female,White,False,
66491e9882aaa64c5d0911d5,Republican,53,Female,Black,False,True
66f0b33cb7f6c2ae6ef72ef5,Independent,39,Female,White,True,True
666ba5dbfe88e54abe377e6e,Democrat,66,Female,Black,False,True
6785704c3b1ab8813a4958b0,Independent,29,Female,White,,
63b6ef9027eb90f292852ee4,Independent,32,Female,White,False,
676ef4be3ae6971bb695ff02,Democrat,57,Male,White,False,True
59894fbbda239a0001fb8e16,Democrat,65,Female,White,False,True
66553eb5f10b5700001d20de,Independent,27,Male,White,False,True
65b537602cf1fbd4f77c7909,Republican,59,Male,White,False,False
60c75628113cc78734583d3b,Democrat,65,Male,White,False,
5d1511f1e814b800016108a6,Republican,69,Male,White,,
6160bd1b78f45a685d6d3954,Independent,38,Female,White,,
571178ec3d47e80011635b88,Democrat,61,Male,White,False,True
66926bdaacd865fc152ef5ff,Republican,51,Female,White,False,True
66952d5507cd937cf7c2a35d,Independent,34,Female,White,,True
5c2844f42c45d40001493efd,Independent,42,Male,Black,,
656a67828a3cf09f538c7fc4,Independent,47,Female,Black,,
65c017a404cde4687fdad22e,Republican,67,Male,White,True,False
628680b0d4bdb53d2edbeae2,Republican,58,Female,White,False,
67dde7aad55fd4bb6c2dd4aa,Republican,55,Female,White,False,True
5d37ad921c16bb0015281337,Independent,40,Female,White,,
6236fe0ee063333a3e1ba72a,Independent,26,Female,Black,False,True
6785ca28acf7592ed65853fa,Independent,25,Female,,True,False
678951eaacd3135a38c86ec9,Independent,49,Female,Mixed,,
606e8e8337c79e219214af3b,Independent,34,Male,Mixed,,
59f226a9d6380600018b2923,Republican,61,Female,White,False,True
59c0782e5364260001dc4740,Democrat,61,Female,Black,False,False
6722a197cc0c3f9ed2aa5110,Democrat,34,Male,,False,True
558ad919fdf99b7c4d36e519,Independent,39,Male,Black,,True
66f305037af69346a9a55b42,Independent,33,Female,White,False,
60bec2aeb32067ea868876ec,Democrat,32,Female,Black,True,True
5a0f3abf6e1ea9000124eeaf,Independent,51,Female,Mixed,False,False
6681a790567ed4edc86ca4a4,Democrat,49,Male,White,False,False
55ecd6ff748092000daa9f5f,Republican,37,Male,White,False,True
6278038e3c9ead31c9a91a09,Democrat,40,Female,White,False,True
662fecef2a008847dc4f0d9b,Independent,56,Female,White,False,
5d3695969749cc00165c222f,Democrat,29,Male,White,False,True
5e7072e5fb136c63e94f3fa4,Democrat,42,Male,White,False,True
62e0532289a4e5d9fedadde1,Republican,42,Male,White,,
62c35e9517e15b36b957a678,Democrat,38,Male,White,,
66d67aa08e6caa907b2bf04b,Democrat,47,Male,White,False,True
5c1b9212bfd9220001a9ada0,Republican,34,Male,White,False,True
65f652ebc2c3b78c8ed5de43,Republican,37,Female,White,False,True
6548f960db60a00d76e92695,Democrat,53,Male,White,False,True
66d5353794a257d22919673b,Independent,63,Male,White,,
5fc2c0cfdb80f9025c6b4810,Republican,35,Female,White,False,True
597fe89a1b41a20001749f57,Democrat,47,Female,White,False,True
5e34325430e5263f0bebb32d,Independent,70,Male,White,False,False
662939c49821886e0246c494,Democrat,45,Female,White,False,True
6746c680672c3ab45f25efb7,Democrat,45,Female,White,False,
66ddf8831169515306f3ca83,Democrat,49,Female,White,False,True
6654c3056acf3abb982b23ab,Republican,42,Female,White,False,True
6283f8c5dc230fe36cecf6aa,Democrat,30,Male,White,False,True
671498899f67df85f33ea053,Democrat,48,Female,White,,
669327c8eb71f9a6ca83eaab,Democrat,23,Male,White,False,
5ed1d52eea444913b2d4576d,Democrat,25,Male,White,False,False
5e455faf462e0802d9d9c3e2,Democrat,31,Male,White,False,False
65e8f1c1d35eea20e611c79f,Independent,40,Female,Black,,
663e5cf112f5d047cf5c9fad,Democrat,29,Female,White,True,False
62349f9ac56251496a619264,Republican,51,Male,White,,
66295f0e9bcde360755403f0,Democrat,41,Female,White,False,True
63868eb7abcf3f247da6f52b,Republican,57,Female,White,False,True
5bdde4b710eb730001207809,Independent,41,Female,White,False,False
6272bd000471b3d9ed5d4da5,Republican,43,Male,White,False,True
6789c87c592bb3021078ff42,Republican,30,Male,White,,False
6554d04c73158a94d70192dd,Independent,36,Female,Mixed,,
65c1512b51dc8b722a7fe306,Democrat,37,Female,Black,False,True
5f13cd9693d2ed043a5e7c96,Republican,32,Male,White,False,False
660eaf77444e1d65f167a2ca,Democrat,75,Male,White,False,False
5dd4767b32288646716dc98a,Independent,51,Female,White,False,True
652408b110c19343a504c45a,Democrat,68,Male,White,,True
661ecd8cc417f5af7913161c,Independent,51,Male,White,False,True
614de785b8b89e4aba599f03,Independent,41,Female,White,False,True
63ffcb367b500c516d0648a2,Democrat,39,Male,White,False,True
6101b52e7931fdb0317a9ae7,Democrat,27,Female,White,True,False
6711f4fa7b75f9464e90175a,Democrat,25,Female,Black,True,True
5e6560b5b402952e900827c5,Republican,51,Male,White,False,True
5befb6e27c387400016983bf,Republican,38,Male,White,False,True
66f4c82536b5c8271f53564c,Independent,30,Female,White,False,False
5a440abd1ba496000102a238,Democrat,43,Male,White,,
636d6ce3fb3683ff33f9e514,Democrat,52,Male,White,,True
664993e12a5b629050529e17,Democrat,33,Female,White,False,False
611bed11fa6a3b35c9226c29,Independent,70,Male,White,False,False
5e29cc3230cf9d03580c34bf,Democrat,35,Male,White,False,True
62f70dd38becd2f7f2ce53a8,Independent,30,Male,White,True,True
6623ad3a7be6b87f464a91bd,Independent,47,Female,White,,
607d032ff575a93bdc070711,Democrat,49,Male,White,False,True
5d6513f46f5284000118ef1d,Democrat,26,Male,White,True,
63e7f2a754618d35c2b61ba5,Independent,65,Male,White,False,
6751acc5dc78128951a34f1f,Republican,37,Female,White,False,False
672c2562333d511af60d4ae4,Independent,47,Female,White,False,
668ef254bc2ae7eae4f06805,Democrat,22,Male,White,True,False
63df1d550a6028079e564d7e,Democrat,55,Female,White,False,True
5d537c0cecc84200153075e9,Democrat,45,Female,Mixed,,
6132542039ead71f30971bd6,Republican,72,Male,White,False,True
60c770aa2d2928bfda4c7cd4,Democrat,64,Male,White,,
672d7efea81892409cff5c84,Independent,24,Female,White,True,True
62fba37f3560a85b4eb94aac,Democrat,47,Male,White,False,True
628f572a2d1304a34b9e1a37,Democrat,76,Male,White,,
67cdc3c7ea7918dcd6f2ab2d,Republican,61,Male,White,False,False
5bdc94f819b9ba000157da85,Independent,55,Male,White,False,True
676f2ff678d74407b518207d,Independent,38,Male,Asian,,
672d127c0844b35fabc0dae8,Republican,25,Male,White,,True
614f4893a7f27d638ea5e58c,Independent,64,Male,White,,False
5e9f877ee0b0960f3d2b6d30,Democrat,23,Male,Black,False,True
66d9869a4e9051cdf5d16fa3,Independent,37,Female,White,True,True
582009dd87f6b90001f13e40,Democrat,27,Female,White,False,True
5dd396e15a40f2398c38e0e7,Democrat,55,Female,White,False,True
5c2ab2de9136140001b90737,Democrat,61,Female,White,False,True
66ce77e3d21bb5b5d6a83d37,Republican,57,Male,White,False,True
67673cda94b4d0cf1a6a7382,Republican,57,Female,White,False,True
6792a9f9b089423d2b613119,Independent,68,Female,White,,True
5fc46f87f8b6b98b2ae7d8cb,Independent,48,Male,White,False,
67a8812f6a92c58065519bd8,Independent,53,Male,Black,False,True
5c11ca831f6f15000148d51c,Independent,50,Female,White,False,True
67421e5c304fac818596d7f0,Republican,39,Female,Mixed,False,True
6647b26b402c0a3c5ab8b0cd,Independent,38,Female,White,False,False
676f6c3aefc59fd60720780d,Independent,36,Male,White,False,True
5eb1c4b83d87452fe3a40ff5,Democrat,54,Female,White,False,True
566a17d07da0350012b3e876,Democrat,55,Male,White,False,True
67cee8d6088dc3c843f48e48,Republican,46,Male,,False,True
6133a95623ae6ddc6ee4d53f,Independent,66,Female,White,False,True
66b3fed11b992bc51dbc39f4,Democrat,20,Female,White,True,False
6413578d4bd3f06050484eb1,Independent,34,Male,White,False,True
5ee2d96eac3291203650f16e,Democrat,29,Male,White,False,False
676325864a29c405dab887a0,Democrat,55,Male,White,False,True
5c8ef4072a1b22000198f6bf,Democrat,53,Female,White,False,
65c1501098be0f409188762f,Independent,33,Female,Black,False,
665cbfcf8534afbb16c06687,Republican,65,Female,White,False,True
66b92157768c48d2392621de,Independent,21,Male,White,True,False
67727321dbba1f283636b298,Democrat,53,Female,White,False,
677ab659ed36352f4c58e363,Independent,22,Male,Mixed,,False
6659277dcc234f77dcf8dbd6,Democrat,27,Male,White,False,False
657dd22938e31904b66ca3b4,Republican,55,Male,White,,
5ee5e3b02eebe932ee9559c5,Democrat,35,Male,White,,True
610ed857b37278967cb96418,Democrat,24,Female,White,,
60a1ddf39ea00700d482889e,Democrat,47,Male,White,,
67ddbba0fa5e1ce984f9fb87,Republican,38,Female,White,False,True
67e03de86567af68e15f8b33,Independent,54,Female,White,True,False
66fc39329c32ceedaea614b0,Democrat,44,Male,White,False,True
5db6553837647d000bb049ab,Republican,75,Female,White,False,False
665e157e00f7d253ea7b07e6,Independent,49,Male,White,False,True
66aa9db2e0895b60eb87fb75,Independent,27,Male,White,,
5e87206614560f0118569c49,Democrat,52,Female,White,False,True
66aa5c3f0d9d6bcf931c3533,Democrat,33,Male,White,False,True
6678c37722059e0a2e718dbb,Democrat,70,Male,White,False,False
66c26b01a3d551a7d8bd342c,Republican,59,Male,White,False,False
66fb2807d1e97e5f9a52bc84,Independent,45,Male,Black,False,True
5685850c333cbd000d4e042f,Independent,31,Male,White,False,False
6604e332e396ca5198ad54bc,Independent,44,Male,White,False,True
66310ce555ff986b176b5279,Independent,47,Male,Black,True,True
5d1fee93a3262d0019af14d2,Democrat,41,Male,White,False,True
5e29ed78eb557a05536b8442,Democrat,58,Male,White,,
6672d8756129fc9217ceb0d1,Democrat,26,Male,Black,True,False
5e30a2a67dcb99000d808814,Democrat,31,Male,White,False,False
61074ae762b0186a302f1028,Republican,41,Male,White,False,True
66ba5e1536b184eb208686a3,Republican,55,Female,White,False,
66463bc93e6f6e846ffb0b85,Democrat,31,Female,White,False,True
63624e53b014a5fc8b293253,Republican,57,Male,White,False,True
66c0f464e0ff62798027b486,Independent,25,Male,Mixed,True,False
6715bc112785851334e0d1ac,Democrat,30,Male,White,False,True
6667ccc61b0989bff9d014d6,Democrat,22,Male,Asian,True,False
5eaa605c7c3cbc1f14421a94,Democrat,38,Female,White,False,True
6113ffbf45e79bc2769db74c,Democrat,25,Female,Black,True,True
60cff3ba91773f75c9504567,Independent,35,Male,White,False,True
5f518c4fb3a4953e4f9f7e18,Independent,29,Female,Black,False,True
66abc1c82e0fab4f407454a8,Republican,37,Female,Mixed,False,True
678edc4c5160d03bcac5145a,Independent,21,Male,Mixed,False,
5eb879035275547d0fcdd610,Independent,46,Male,Mixed,,True
66e795ea2fa79ce3d2340e70,Republican,48,Male,White,False,True
674872ead208fe132ec3f4a4,Republican,21,Male,White,True,False
6682e7ade48a5b1915f6f783,Democrat,65,Female,White,False,True
67f143504964cf3f7cb349cf,Republican,57,Male,White,False,True
6858743b557e541851e835c2,Republican,30,Female,White,False,True
61451e21a303bee08cbb86ea,Republican,24,Male,White,False,False
60fd6618f9a377f54dcdf318,Independent,39,Male,Mixed,True,True
6695c0f382fd54349473da11,Republican,30,Female,,False,False
62fd0bc538d70b87550691f7,Democrat,62,Male,Black,False,True
5c2be72c59ce110001073428,Democrat,43,Male,White,,
5c2dae2110677f0001dd1137,Democrat,42,Male,White,False,True
64a826f6220bf56dca731156,Republican,66,Female,White,False,True
6649b9f59b1e971e3843bc0e,Republican,22,Male,White,False,True
608f2bae0ee0a74455533e4c,Democrat,61,Female,Asian,False,False
6733ea502e342b09d17e844e,Independent,32,Male,White,False,False
5dcf6d762e4a050ac2cba07d,Democrat,56,Male,White,,True
66e03b13990311a6db044fad,Independent,54,Female,Black,False,False
663abe859bcc3ea8ef9bbdf3,Democrat,59,Female,Black,False,True
67828038b2e1f7607e817e11,Independent,67,Male,White,,
596c562b84e10f00018464e9,Republican,31,Female,White,False,True
5d42486206811e001ada5b4b,Democrat,49,Male,White,False,True
6598d34459d89ff7f7339463,Independent,30,Female,Black,,True
58c5455ac7ed3f000116d32c,Democrat,28,Female,White,False,
59349d79f1b3f00001964d04,Democrat,66,Female,White,False,False
666f2488909bc0331b8563e6,Democrat,26,Female,White,True,
6644023eed568375e3bf443c,Independent,23,Female,White,True,False
67ace44ff23c30b6337c7dcd,Independent,37,Female,Black,False,True
66045d9597282a2c36b8adbd,Republican,51,Male,White,True,True
5e74f18520ab35040b41d526,Independent,60,Female,White,False,True
5f35646c73508a4ff52b4ea3,Independent,32,Female,White,False,
65de5ddcc637719fe458fc76,Republican,31,Male,Black,False,True
630981b0f861918e8174a43e,Independent,42,Male,White,False,True
668bf43d364922a38a908913,Independent,56,Female,Black,False,True
66bf6ab25d76db9c95e01458,Republican,27,Male,White,False,
6791a8549ed23cc3997dd33a,Republican,60,Male,Black,False,True
5f1c2ebf1d8b7c48ad3ec3db,Republican,58,Female,White,False,False
6786d5ddfc32db55097ed259,Independent,48,Male,White,,
5bb101078f3bd70001e51bfe,Independent,57,Male,White,False,True
6596eaf1375b6513561eb141,Democrat,21,Female,White,True,True
5db4ef4a2986a3000be1f886,Democrat,58,Female,White,,True
65e01ed82bf613ad0f3d1bf0,Democrat,61,Female,White,False,True
6202997def1cb18a1337c483,Democrat,22,Female,White,True,True
5c525373e8fee700012f4c90,Democrat,32,Female,White,False,
666e123eb6aff45cf5be575e,Democrat,31,Female,White,False,False
67677ba17f0a93a3a60ff516,Independent,35,Male,White,,
65ede39a8095cd5a4371b0c3,Independent,39,Female,Mixed,,True
6824de5d2062f6727f41d51d,Republican,22,Male,White,True,False
60bbba1662529ae59d1c55cf,Independent,32,Female,White,False,True
66940332d70583ebe9a33c05,Democrat,19,Male,White,True,True
5d5497857aff650001a18c3c,Republican,55,Female,White,False,True
5d28e765ebdfd5000127cfdb,Democrat,39,Female,White,False,True
6535d3f1b4ff80adff474548,Democrat,31,Female,Asian,True,True
66b3c6a051a31f79ebc660e4,Democrat,46,Female,Black,,
66e0a8805e52844b9215d419,Independent,23,Male,White,False,False
67a51728f33f7c45ae3577bc,Independent,22,Female,Mixed,False,False
667480a37068f7b381b534b6,Independent,47,Male,White,False,True
67fc4c664729424963453173,Independent,63,Female,Mixed,,True
67312febc8ddd7c30f6efef5,Democrat,24,Female,Black,,True
6535785fea3f8466589b948c,Democrat,48,Female,Black,False,
5bb58e338f3bd70001e5df57,Democrat,48,Male,White,False,True
67e45fa56b0d253fde489a5c,Democrat,19,Female,Black,False,True
66abc79f0812c1f89a25adfb,Republican,32,Female,Black,False,True
62bd2a704c56e669cce7ce56,Independent,35,Male,White,False,
66dd9c5b1c02410a87c068e5,Independent,25,Male,White,False,True
6813e003857b2e9a8b18ace7,Republican,50,Female,White,False,True
6765fa580322ba6603282f81,Republican,53,Male,White,False,True
6172607a932e0b0c3523854d,Democrat,37,Female,White,True,True
66b3dc1490445aa410abd41e,Democrat,31,Male,White,False,True
5ec67c1f9d0f0906b783865f,Independent,33,Male,White,False,True
665be0f6f76e8e04ef295d98,Independent,39,Female,Black,False,False
65639c2f102822f13aa7531c,Democrat,57,Female,Black,False,True
66dcb77e1afbc2e7fa393b87,Democrat,46,Male,Mixed,False,True
6653b7079f37e7ce5378b3dc,Independent,52,Male,White,False,False
6510e07706b5dc6a7bddb4b6,Republican,42,Male,Mixed,False,True
672a3b3af4fe3ca8478cd6c6,Democrat,21,Female,White,True,
6409110921de1c850a685bf6,Democrat,39,Female,Black,False,
661438bb47dacc758ab949b9,Democrat,23,Female,White,True,True
6508adaced024f8da237ff03,Independent,65,Female,White,False,
5efa81523080998c396d15d7,Independent,24,Female,Black,,True
66632c96e56c2cc87923bf78,Democrat,60,Female,Black,False,True
67928830b63546d0ed15c966,Democrat,19,Female,Asian,True,True
655e151840bad377f83a4ec2,Democrat,65,Female,Black,False,False
6170ca1921209ae902c51db7,Independent,46,Female,White,False,False
5bb5782b4cb73b000114441e,Independent,26,Male,White,,
63d7cc4af906d9f7158dfc7c,Republican,31,Male,White,False,True
63e51bd9b573cd46809e1d56,Independent,30,Male,Asian,False,True
67c21a86f88930723b32260a,Independent,67,Female,White,False,False
6638e8aa3d1f38846080806a,Independent,26,Male,Mixed,False,True
6706f2aa4e079b89068e5420,Republican,31,Female,White,False,True
62e811bddf540837ec38367c,Independent,24,Male,White,True,True
67eb2f7bde953c130a671bd0,Republican,56,Male,White,False,False
616f315b5e74ca5b9a1d2ca7,Independent,59,Male,White,,
561487ad7ffc8a0012812266,Republican,34,Female,White,False,True
6752091641ac0737f40f8413,Republican,37,Male,Black,True,True
66ab308d5a030599d847e67f,Democrat,24,Female,,True,True
67f020ded233a50f479c4c87,Independent,42,Male,White,False,True
61369e0db0f0be2588e09863,Independent,44,Male,White,False,True
66bfd4b46a7e9cec65d88461,Democrat,58,Female,White,False,True
6473cc92c66e876139e2d178,Independent,51,Male,White,False,True
65a245b76f17beac9e7e32fe,Democrat,41,Female,Mixed,False,False
65c1c704b0f57add693f6e52,Republican,43,Female,Black,False,True
67695c1f4be32f2a262cdb7d,Republican,51,Male,White,,
661b790c20a5df530caee16c,Independent,34,Female,Mixed,False,
6782fb0214bd2d01730c4dec,Independent,39,Female,White,False,True
6418e61f3b8276ec30d33995,Democrat,27,Male,Black,False,True
607134f478e13587bd89e13a,Independent,31,Female,White,False,True
5c2f7a01c5b00a0001f3e52f,Independent,32,Female,White,False,False
65e51cdaf66e65c7f972580c,Independent,21,Male,Asian,True,True
65761328646d5bb2adf235d4,Democrat,37,Female,White,False,True
67c585f8e60aec06bb2e7863,Independent,54,Female,White,False,True
6120d602c1976a4114dcb110,Independent,34,Female,White,False,True
5eced6d2509c242ecfef72f6,Republican,23,Male,Asian,True,False
611830fe665c7b68723910b3,Democrat,48,Male,Mixed,False,
656895b98a551bd79eb47d0c,Republican,29,Male,White,True,True
5e0991a71d460724ba56794e,Independent,27,Female,Asian,False,False
6150f3191250f2a12a607e82,Democrat,67,Female,White,False,False
673283141ee7ec9141e8bcf4,Independent,30,Male,,False,True
6694251bbfc3e4a246f8125a,Democrat,52,Female,White,False,True
671c5ad0eb30c87c11b22ec4,Republican,36,Female,White,,
67c0af3cdbc67c93008f0616,Democrat,22,Female,White,True,
6643a8837540ee80f2d5be45,Republican,57,Female,White,False,False
679097440999b394cd1d2bcc,Republican,36,Male,White,False,False
673d4827fcb713b77285ef4a,Independent,20,Male,White,,
606cf604adbb6982bb382881,Independent,40,Male,White,False,True
676dffbfb0bac3ca797895a7,Democrat,57,Female,White,False,True
650b03136ab3d4c832d98b71,Democrat,31,Male,,False,True
676d91cdea729dadfca18b77,Independent,42,Male,White,,
65eac68e5e28cd9f0261c326,Independent,43,Female,Black,False,True
5bcbaa10b9ce3200017738ee,Democrat,56,Male,White,False,True
666f4e508e12704f87264402,Democrat,70,Male,Black,False,
661fee35973b5ff6fa3418ef,Republican,30,Male,Asian,True,True
5c395df5f5ebd50001850900,Democrat,30,Male,Asian,True,True
6719a331021a36b9509eb8b5,Democrat,60,Female,Asian,False,
6757069f8e2b810b4fabd66b,Republican,46,Male,White,,
665e49cc2758155528c8812d,Independent,31,Male,White,False,True
6632ed07883d9dc97c9c7ac7,Democrat,35,Female,White,False,True
5f0550bf5819b18476ee8343,Democrat,72,Female,White,False,True
677188dea86462632e3ddd44,Independent,38,Female,White,,True
5ca73ac06fa13f00189cbe17,Democrat,61,Male,White,False,False
66f8b447360d8c1892324f1b,Democrat,79,Female,White,False,
607778a26ff3de83125f50c5,Republican,39,Male,Asian,False,True
5cb4c1001284e3001504f24d,Democrat,33,Female,White,False,True
66dceb449e0e3f3b1f239b3b,Republican,28,Male,White,True,True
643dca3c6518c6dd819796f3,Independent,56,Male,White,False,True
66e601715797247ce4103ea3,Independent,58,Female,White,False,False
66c0df877e3dd5e2c1966f18,Independent,23,Female,White,False,False
5c1150e31e7d6900018207ef,Democrat,79,Female,White,False,False
6007776684975127676717c4,Democrat,32,Male,Mixed,,False
5e8601d90126b207e8c7a2aa,Democrat,44,Female,White,,
65a6b0dacf9dad5dc5a6e3e3,Democrat,56,Female,White,False,
5c5f2e98c3b3a30001fbf085,Independent,43,Female,White,False,True
5d11e762cc2d290016bc2364,Independent,27,Male,Black,False,False
5d3222f5d7ca2e00161bda18,Independent,39,Male,Black,True,True
664d3306a354afdb587d4550,Republican,57,Female,White,False,True
6119f2f6a0b020eb3941b3e1,Independent,25,Female,White,False,False
63cac85f8519383ef0422593,Republican,60,Male,White,False,True
6726d16c98d4b6498e4f2a69,Independent,59,Male,Black,False,False
5b6f49b7d60bdd0001ade437,Republican,70,Male,White,False,True
64fb3be137d2bd2bdfab8ba6,Democrat,75,Male,White,False,True
6571f52abf0c07aa1ca785e8,Independent,57,Female,White,False,True
5df5a954dc79bd4079003af3,Democrat,57,Female,White,False,False
65d62743dfcd203fc76596e3,Republican,50,Male,Mixed,False,True
66888d3986c2cd5f71ba721b,Republican,27,Female,White,False,True
5ae3223938df950001455e66,Independent,47,Male,Mixed,False,True
60887a654f55f863e95ca944,Democrat,62,Female,White,False,False
66d0a793ca476a159c35f494,Republican,62,Female,White,False,False
673d016e27ff008ac4175fb1,Independent,45,Female,Mixed,,
5f1cfb978d05fc1a2baf7b58,Republican,23,Male,,True,True
5dcf4136cf8e7e086ea019e4,Democrat,58,Female,White,,True
66d87fec4dffa84ac87bd3d1,Democrat,59,Male,White,,False
659c14314dd0249b909c4c91,Independent,71,Female,White,False,False
6647b76b0e8f4c4cc2b8b4f6,Democrat,24,Male,,False,True
66e2f8e989bc2beeaabb81f4,Independent,30,Female,White,False,True
66f5d2424e2c1948e2b8f020,Democrat,79,Male,White,,
676c45d92368330a2c254895,Independent,33,Female,Asian,,
66b00e249d75b352012b545a,Democrat,52,Male,Black,False,True
5be1ac50ca095c0001b9f717,Independent,49,Male,White,False,True
5d982c7ef65bb80019cc6731,Independent,56,Female,White,False,False
666223dc56ca632a2850dd25,Independent,54,Male,White,False,True
5a5ec648eedc32000142ce86,Independent,55,Female,White,False,True
663a6537d8be42a9bd890765,Independent,35,Female,White,False,False
6727e687d524718567519624,Republican,57,Female,White,,
66e29a09f94fff3a1cf3f982,Democrat,56,Male,White,False,True
5c5fc78e96dff400013607a5,Independent,42,Male,White,False,True
6779e07aeb6a0e66e84ae0e7,Independent,24,Male,Asian,,
610b2e073f4d9cb0fee928f9,Republican,22,Female,White,,
66a81975acd2067a9f277c9c,Independent,56,Female,Mixed,False,
6726c70622b97e6722fa53d8,Independent,66,Female,White,False,True
5bd4c1d09afb5b00015c5bdd,Independent,77,Male,White,False,True
67a796cd3ddc2ecc4a26fa35,Democrat,36,Female,White,False,True
678d97abed191932719e540e,Republican,22,Male,Asian,True,False
5f51135fd3e0342eda5f66c5,Independent,31,Male,Black,False,True
67886fb96e675405570fe3f4,Independent,45,Male,White,,
5ea5ae58d3627f5a38c312f9,Democrat,23,Female,Mixed,,
62ab9ef7415da9c5d0ccc7bb,Republican,22,Male,White,True,True
66ce5adac1cd4b6037be4a63,Republican,47,Female,Black,False,True
67eb2b81273e2bc9ab69ec21,Republican,34,Male,Black,False,True
67f3825d8f5b90e78e7f09d1,Republican,32,Female,Black,False,True
5c224f5289f0350001738d48,Independent,33,Female,,False,True
656de95d96d9c1b0bfa2ba83,Independent,72,Female,Black,False,False
66df47a9c26ea6aa4a71fc0f,Democrat,64,Male,Asian,False,False
5cab69f77ea4a700019a87dc,Democrat,63,Female,White,False,
60fda57e0916dfe2157c9b00,Republican,25,Female,White,,True
6664e8eb5e7fda71dc535c83,Independent,42,Male,White,,True
65b92135e296f28cb1a093c3,Independent,67,Male,White,False,False
630fb1e5808c5f270b62cf18,Democrat,35,Male,Black,False,True
65f6230c7658625aad940b24,Independent,33,Female,White,False,True
6595d5e0e40533319c0188c2,Independent,32,Female,Asian,,
5f1b4845cbf55f3192e33b89,Independent,28,Male,White,False,
6656b41a68bc810ea64c442c,Independent,30,Female,White,,
64dc07371fe566ee46739a8e,Republican,65,Female,White,False,True
58f0fca0d40252000192f201,Republican,44,Male,White,False,True
66a48261758e59c5f2dd8ceb,Democrat,20,Male,White,,
63db28baa4a5f06f19e7efc8,Independent,35,Male,White,False,True
66ad7e7322882c8daad7025a,Independent,29,Female,Mixed,,
600e13b23c75bc67ab184745,Independent,44,Female,White,False,False
5a9a6f5f35237b000112920f,Democrat,57,Female,White,,True
62ec1fe3ebd392c343d85886,Democrat,21,Male,Asian,True,True
6732e227f594d35d2cd35d3a,Independent,44,Female,White,False,True
5ce753de5434fd001b47e9fc,Independent,29,Male,Black,False,False
67511ed5a097322f28dadcef,Independent,37,Female,Black,False,False
5e40c06ac0507c307ee951eb,Republican,24,Male,Mixed,True,True
613e59f68312d2083c8b193d,Democrat,45,Male,White,,
675cf75e3c237ff931f4a43e,Democrat,59,Female,Asian,False,True
660b42d7411787277cf4a709,Independent,22,Male,White,False,False
65ecf22abc066fbabecdea60,Republican,62,Female,White,False,False
67171fa93cd108b6c2b59e4e,Independent,46,Male,White,False,True
5a8f13595292b80001235e09,Independent,38,Male,Mixed,,
66f0bcad545ecf68df970a46,Republican,25,Male,Mixed,,
5efd580f4946481a427257d2,Independent,24,Female,White,False,
610ccf09b1b0759b2668ded1,Independent,45,Male,White,True,True
60e9e8092cfc1f464753dd71,Democrat,62,Male,White,False,True
5e7027c5a2522d000bddb8f3,Independent,33,Male,White,False,True
654d0bd1f4ba143e0503a02f,Independent,68,Male,White,False,True
677fb35eafd357a07e351a9f,Independent,46,Male,White,,
663b911b5f8a5f3f42047bba,Independent,35,Female,White,False,True
67cc84a7ad8328b8bae14416,Independent,50,Female,Black,True,True
5c90f1a614a676000191e223,Independent,55,Female,White,False,True
664fc88e589ceacc92930e9d,Independent,35,Female,White,False,True
5d845d15fbc5970001e821e0,Independent,24,Female,White,,True
5eea9022b069b01a9289091f,Democrat,24,Male,White,False,True
67aa44e0ec4c8a6e21c64636,Independent,21,Male,White,True,False
5fa5c59f357d4e15bafb3b5f,Republican,58,Male,White,False,True
66507498defbe7e5391e2165,Democrat,19,Male,Black,True,
678da15e62949df3b2c49891,Republican,55,Female,White,,
5fd9ad6dab00c64c8a45c9fc,Republican,61,Female,White,,
615e420a23219efe3427a367,Democrat,69,Female,White,False,True
61006ac5b3bd67e87ef4a9fc,Republican,31,Female,White,False,True
5dd3bfcd8b8df139ce007928,Democrat,57,Male,White,,
5da8edc60f9c9c0017526948,Independent,36,Male,Asian,,
681267c047bec208f12b7cca,Independent,68,Male,White,False,False
6757418a14886dd3e93c2a69,Independent,24,Female,Mixed,False,False
5ceac8abb5a9d90001c07ec0,Democrat,34,Female,,False,True
670075d557d79b4cef60c761,Republican,55,Female,White,False,False
5d4252914733ca0018ff29d7,Democrat,58,Female,White,False,False
66c54af7161ce171be02ea91,Independent,27,Female,,True,False
5ebe14249a676b1650b48531,Independent,30,Female,Black,False,True
6786eb3634905e8ba1367af3,Independent,21,Female,Asian,,
67d04642f55260fc0c75fda1,Republican,49,Male,Black,False,True
5a9493ce873cda0001dc6dfb,Republican,34,Female,White,False,False
64029de99a8a72fc5a205b7e,Independent,65,Male,White,False,
653b00b25d4734b333b03fc9,Independent,67,Male,White,False,False
66bef66352f75ee8679988fb,Independent,26,Female,White,,
5e402dcd7b260d000a7b69fe,Democrat,39,Female,White,False,True
67cb1f206b99bec7f1d2314c,Republican,59,Female,White,False,True
5dd3e3cd5daaa63c5fdb7bb8,Democrat,38,Male,White,,True
58ed2be2a083320001a13783,Republican,40,Female,White,False,
5c6ae4c31b9d0e000190bacc,Republican,62,Female,White,False,
578eb23fc6144900014a2c15,Independent,43,Female,Asian,False,
67871258329b1d6941040ada,Republican,48,Female,Mixed,,
615914a33224dc31f1045612,Republican,65,Male,White,False,True
67a98bde69857fed20901227,Independent,49,Female,White,True,True
663176c4d9c9b4d919f7b79e,Republican,43,Female,,False,True
5e31740eb3f28315c5e0d347,Democrat,33,Male,Black,False,False
670aec495e6ccc7bdc9059a9,Independent,29,Male,White,False,False
67fab19f7213ecd93b1fd717,Republican,55,Male,White,False,True
667b56b086373fdd0b1ea4a3,Republican,56,Female,Black,False,True
631b0988a96b930d4bbf0e64,Democrat,22,Male,,False,
61007de25d1a5d74904865cd,Democrat,30,Female,White,False,True
6595a5cbe675d0fc372344b9,Independent,68,Female,White,False,False
60e769ec9858960e8ad00886,Independent,48,Male,Asian,False,True
63da9d744c860382808770bd,Democrat,64,Female,,False,False
6063c0f31b718b3623f66303,Republican,55,Female,White,False,True
60a2c2ea04fc6b2de2f14da9,Democrat,61,Female,White,False,False
59c3eeac05da9d0001402bcd,Independent,40,Female,White,,
5bb9ae8030952800014626ee,Democrat,75,Female,Mixed,,
66e9d794bd67a9a02ca66a8f,Republican,74,Female,White,,
6782e521cbe48b635ea6bf98,Independent,30,Male,Black,False,
65106bf7a9c412896826466b,Republican,31,Female,Mixed,,
653989d33aa5113d4d67ca24,Republican,66,Female,White,,
66f2180a1707ba50d890518f,Republican,55,Female,,False,True
672eda41e28ba46f845249df,Republican,67,Female,Asian,False,True
628a4816764d2f993ee7493d,Democrat,58,Male,Black,,True
672d1c12bb3b79252d8a1428,Independent,34,Female,White,,True
67d9cd0c9ebb3eb9febb0a91,Republican,21,Female,White,True,True
66b18f5d6f36800bd12bdce6,Independent,37,Male,White,,
67911b9be5af0ac0763a28c7,Independent,59,Male,Asian,False,False
5c567e2acc53750001751cb0,Republican,76,Male,,False,False
6565205a6f8163d131fa6918,Democrat,37,Female,,False,True
678f4bd2de1c79ae859fe51d,Republican,61,Female,White,False,False
616c1cc2510fe9022f6577f8,Republican,55,Male,White,False,True
674f9bbc0d8416277bf53c7c,Independent,22,Male,Black,True,True
57439a4354636a000d78639a,Independent,36,Female,White,False,True
66cbc2627559d53c0e3e4ac4,Independent,34,Female,White,False,
6727931ccaf92e0d2351962b,Republican,60,Female,White,False,False
67ff6b52bd05ef852331bbdf,Democrat,64,Female,White,False,False
67aba4317b2e7d4dc3b57350,Independent,26,Male,,True,True
5cf308da81ea050017a6151e,Democrat,22,Male,Mixed,True,True
626810ad271afa9ad1c19e33,Republican,55,Female,White,,
6488a8c0293d8549cabccc99,Democrat,62,Male,White,,True
5b87dd09019cf60001a115b3,Independent,30,Male,White,True,True
65da0c93826bdadcf98372a9,Independent,63,Female,White,False,True
60e5caad22e3f82821cf5d15,Independent,29,Female,Mixed,False,
62baf827477e9d1a60c5b66d,Democrat,25,Male,Mixed,False,True
5eea72b814742d10f8cb37fe,Independent,24,Male,White,True,
63852fbf95d78ba25b99005e,Democrat,57,Female,White,False,True
667275e92f117a03aa5ada99,Independent,21,Female,Mixed,True,True
65aed1505908860daee048ce,Democrat,42,Female,Mixed,,
5d069f2f041328001a7815be,Republican,82,Male,White,False,False
681956cc835cc0d092ab1775,Republican,56,Female,White,False,False
646c323d73a3844a4331e09b,Independent,60,Male,White,False,True
6554f3f85dee0872ba3cc142,Democrat,32,Female,Mixed,False,True
633266bf68544440fd064f94,Democrat,37,Male,Black,,
6466a1d27b0712d8d7810610,Independent,59,Male,White,False,True
59c3289b8e6ea10001f7b926,Independent,38,Female,Asian,False,True
67c30fa686975bc2ce38a2b9,Independent,51,Female,White,False,True
677168d70ec2f9f7f9f6ac05,Independent,73,Male,White,,
64602202550aa320d8de4330,Republican,54,Male,White,False,True
65fa88bba202f07bc4621bfd,Republican,28,Male,Mixed,False,True
65f650bc80653ddbcb45e6a5,Independent,45,Male,White,False,True
66ad23d8a04906952ccbe203,Republican,56,Female,White,,
595fdaa1d82b180001c6e460,Republican,58,Male,White,,
66293a97afaf09c613477f83,Republican,56,Female,White,False,False
677fea44f0780e29406c0f6a,Independent,44,Female,White,,True
67202342f78ee5b73ac3477e,Independent,28,Female,Mixed,False,True
66ee7b5fea2dc342532edaed,Democrat,66,Male,White,False,True
675758f40df8b09c8aa98ad0,Republican,71,Male,Asian,,
67ee52fbbc516336cfa87256,Republican,37,Male,Black,False,True
6715faf47340bec61f04e3ca,Republican,31,Female,Mixed,,
5ea720a669cae10d910fba3e,Republican,37,Female,Black,False,
678c03d4aaebc0932a8d70b7,Republican,23,Female,White,True,True
5ec359a0e7928519b8cf64af,Independent,27,Male,,,
5f2dfc9bcae87215c17d34d4,Democrat,25,Female,,,False
66ce1a48210a31534b9c0c67,Independent,19,Male,Mixed,False,True
5e9e0b9cb133cb1a9a472677,Independent,55,Male,White,False,True
65e7795d1685521fd01bd49a,Independent,63,Female,White,,
663eb327f5dc7af6ccc1bd44,Democrat,75,Female,White,False,False
5c689ed8b75f9000019f4d16,Independent,26,Male,White,False,
656f2db1e45a8e27d322392d,Independent,55,Female,White,,
67d6f26b6077ec4acdcfec2e,Independent,50,Male,Mixed,False,True
67181675ba46178c005a8d96,Independent,24,Female,Black,,True
61523a9abe7a56d2e2ef6b5f,Independent,67,Male,White,,False
63653de120ba25b9e1999fe6,Republican,20,Male,Black,,
5c9e65d52707e10001a00524,Independent,63,Male,White,False,False
67f3c75aa0c8aab58399018d,Independent,68,Male,White,False,True
678af0a3161e3e871bbade54,Republican,24,Female,White,,
681561229a9918d9b5803acc,Independent,64,Female,White,False,
66dd097265650e0dec23231f,Independent,34,Male,White,,
58cb138127e23a0001b4fb5d,Independent,62,Female,Mixed,False,True
5daa226125a3890016e53b07,Independent,35,Female,White,,
5cb67a7ab73e8a001507fae5,Republican,55,Male,White,False,True
676c2f977abb95e9aadd783d,Independent,57,Male,White,False,False
6554ea58c859388bc801973c,Independent,41,Female,Mixed,,
6710074f43e0ed058e49ccc6,Independent,23,Female,White,True,True
623ac50ed58ac10f7e259b8f,Democrat,24,Male,White,False,True
6266a849331cc893a5b22cf6,Independent,57,Male,Black,False,True
67a7cf3769ba595afca7600c,Independent,67,Male,White,False,False
67a8180879799b283e4ae296,Independent,56,Female,Black,False,True
672461ad9e13f23ed4e21382,Independent,19,Male,Black,,
55b3120cfdf99b6ef6263a71,Independent,57,Female,White,False,True
6711785cb69ec0c9193c2788,Independent,56,Male,White,False,False
639d1dee00633a8f55b598c0,Independent,58,Female,White,False,False
66be0314cbc4fc351df839a0,Independent,19,Female,Mixed,False,False
66a3f582d7dd72932567c122,Republican,67,Female,White,,False
650497398724fb2ddc7f6640,Democrat,55,Female,Mixed,False,True
65ecd279ac7ba081eb89fd72,Democrat,20,Male,White,True,
65d514731a78f893b95a8516,Independent,46,Female,Asian,False,True
652809036a4ca0c161cda6e7,Independent,56,Female,White,False,
67c451890eb65148aa1758ea,Republican,78,Male,White,True,True
651c526fd33de31308653e50,Republican,50,Male,Black,False,True
5f82567f1e720a3842580d23,Republican,64,Male,White,False,True
5e0ee83753b56e60bf046490,Independent,30,Male,White,False,True
6824afdfce30efcd2e7274ef,Republican,36,Female,White,False,
64135db83e4afcf2f3190e0b,Independent,22,Male,White,False,False
65595aaabe1790ca0d744fbc,Republican,21,Male,Black,False,False
62f975cbc3507ecf77180d00,Independent,21,Male,White,False,False
65b98fe25e75b5acc3f44626,Democrat,38,Male,,,
5df861926aab7c5f659dfd85,Independent,56,Female,White,,
66bd3d76b6b7e0d843a5366b,Democrat,21,Female,White,,
677c5e96582459bcf49e80da,Independent,62,Female,White,,
677fe67220b33de32cb650d8,Republican,64,Male,White,False,
673feeafa80a279f5cc63e33,Republican,62,Female,White,False,True
6818a30514aeafc4a3eec354,Democrat,57,Male,Black,False,False
6288557c67c5e08a1ebaf795,Democrat,36,Male,Mixed,False,True
67c4bca8b11a897ba41184ae,Democrat,23,Male,White,True,True
5ec5a64c306f255ec98d5cc1,Independent,37,Female,Asian,,
67c7a6fda9b53b99969ed509,Independent,55,Male,White,False,True
67dcca3b6ef77f85fe78f624,Democrat,73,Male,White,False,True
60a51f35a0db48f89d6f3a72,Democrat,65,Male,White,False,True
60e5868307d715a4d1445116,Independent,68,Female,White,False,False
67e21f0b7fa92be4dee985aa,Democrat,55,Male,Mixed,False,True
650b8f28b68422dffbf65ebb,Independent,20,Male,Mixed,False,True
67a507f52decb8dbaacc29e3,Independent,35,Male,Black,False,True
60fe513b231db80168012d06,Democrat,29,Female,Mixed,False,True
678006318afafe2d811d0277,Independent,22,Female,White,,
67412a331ab61b78d2245ea0,Democrat,60,Male,Asian,False,False
663bdaa8efe54667f41a46ca,Independent,64,Male,White,False,True
66c6b37d82e002e73e1fbd2d,Republican,61,Female,Black,True,True
653f07a14204d793e710611e,Independent,33,Male,Mixed,,True
5e0ae8635cc380375ba36030,Republican,56,Male,Asian,False,True
6536d5f14b7a66925cbc93f8,Independent,29,Female,Mixed,True,
63804d105c37525d499b9c6c,Republican,62,Female,Asian,False,False
5f30c8e5a2eef453f96ecad0,Democrat,24,Male,Mixed,False,True
66ecacaae782ea94cd9bfbd8,Republican,53,Male,,,
628f93dc168e3004adcbebb8,Democrat,42,Male,Mixed,False,True
5f4d84f6835880a75c96c966,Independent,24,Male,,,
65335e13721c66a08685e98e,Democrat,35,Female,,False,True
584626b7e0ba710001a47438,Democrat,34,Male,Mixed,False,False
610813ebfdb1b78559fb1ff9,Democrat,56,Male,,False,True
615ddab1e4f013092538b6c5,Republican,61,Male,White,False,
668c6c4fb184937d7728fbee,Independent,23,Female,Black,False,True
64389bf557e6a621e6a857ca,Independent,61,Female,Black,,
63d7b776a9923fe2a69d36bd,Independent,34,Male,Black,False,True
639b9ab341f4429b1b3c06a2,Republican,57,Male,White,,
67d48133208e9bbe96dc6761,Republican,23,Female,Black,False,True
65032d1ac8801905f2293c78,Independent,23,Female,White,False,True
67f1cc26973bd7f41512c209,Republican,23,Female,,False,True
66ee033078ac153667a8aa2f,Republican,58,Male,White,,
66fd131b4ece3a7928716865,Republican,44,Male,,,
6785a5f2a07c912f4f5a07b4,Independent,19,Female,,,
65e64c08cd1bf3d6ab957af7,Independent,58,Female,White,False,False
650764c3a197814ab15f8237,Independent,22,Male,White,,
67d952104d8da4447ab6be2c,Republican,55,Male,Black,False,True
6734e9f8951399dc7d4d3ba7,Republican,46,Female,,,
67e9c0ac4df4f1277c9a299b,Republican,53,Female,Asian,False,False
6630a9183be166633912f923,Independent,57,Female,Mixed,False,True
63a18415816a2a0cbe438f1b,Independent,56,Female,White,,
67eda5fa0086307531f210ff,Republican,56,Male,Black,False,True
67d8591e059fa98302073a33,Republican,68,Male,White,,True
6598ad7d742e25b376094227,Democrat,66,Male,,False,
66511d6367b8b8468d9d266a,Republican,60,Male,White,False,False
673da0360d57d15b3f3a0593,Independent,62,Female,White,,
65e6bb6d663548c538da4fae,Independent,24,Male,,True,True
5909955b9e26f200016e1247,Independent,64,Female,White,,
677d33c2805ec3754568878a,Republican,78,Male,White,,True
677a89677bd30b06cb24452b,Republican,60,Male,White,False,False
653955abd70c010a3803070c,Republican,65,Male,White,False,False
673b92069c1c719dab99f59a,Republican,55,Male,White,False,False
63b724532ff8f6701c3fd84c,Independent,23,Male,White,,
60fe13342d406f2ab38383a8,Independent,58,Female,White,False,
64bbf16db125b5d6a2f3a911,Republican,68,Male,White,,
66464d08dfaf4203d958e13b,Independent,34,Male,Mixed,True,True
65aea6a1b96c1e3bfcdb2181,Independent,66,Female,Black,False,False
647df8490516c702020f7d0f,Democrat,60,Female,Mixed,False,False
5e8b32ec2c33ae7f20a0b401,Independent,63,Female,Asian,,
65c0ed76e2e195876cfd9b74,Republican,56,Male,White,False,True
62794a276fc2c539bfea92e3,Democrat,59,Female,Mixed,False,False
63b18d94775ad4aad221103c,Republican,58,Male,White,False,True
66da179c2aec0a9bb52320db,Independent,31,Male,,False,
6684e6c04dd65cfd282d3b12,Independent,42,Female,,,
6787a6d6373c1c0e0433f69f,Independent,64,Female,White,,
5d1a13a0ae692800192fa1c2,Independent,68,Female,White,,
6229ee11f6b5405956544966,Independent,63,Female,White,False,False
66ccf16c299b596f56830f1e,Independent,60,Female,White,False,True
677bdd107e88cf2e53a755fd,Independent,62,Female,White,False,False
65490276dc42961a8e1cdec3,Republican,52,Female,Mixed,,
66045682d629a940764580ed,Democrat,49,Female,,False,True
67db5621ad4dfa3eeb264e18,Independent,75,Female,White,,
673f944357ae127e26c9fd93,Democrat,60,Male,Mixed,,
614f657dbe3301ef13486d46,Republican,53,Male,Mixed,True,True
678e6e010a345e85eaf00359,Independent,21,Female,White,,
67b9d2f7a49052c6e25c6a7f,Republican,55,Female,Black,False,True
5ab85787a3ba7a0001b41428,Independent,37,Male,,False,True
67ad0d06fced96203bd37e71,Independent,24,Male,White,False,True
66bcaed65bd344af8264c25f,Independent,40,Female,Mixed,False,False
667836caf25ed266e9713f70,Republican,69,Female,Mixed,,
6753ce87a84264899aab9aa9,Independent,21,Female,White,True,True
6748f02892a5641e585c53b2,Independent,21,Female,White,,
66fdd81f708d36dbc86f85be,Independent,46,Male,,False,False
67ffb2910de210bfa1a94048,Independent,59,Male,Black,False,True
65ddfaeab5c421556410b938,Independent,42,Male,Mixed,False,True
6737d3a1eea5bb6f29a9fdcd,Republican,27,Female,Asian,,
65f353147653b5d6eee93ebe,Independent,63,Female,,False,False
65f362ffea415d878f1f4f1d,Republican,58,Female,Mixed,False,True
6296241a5e90457d9693877b,Independent,24,Male,White,True,True
6060bdd2935a3eb3bdcdb835,Independent,60,Female,Asian,False,True
650c409b6112d165091bb2cc,Republican,62,Female,Black,,False
65f5cbcd2324b8dd6f3ff42d,Republican,19,Female,Asian,True,True
65fc7ba79a39884679375a98,Republican,26,Male,,False,True
63ed9dbc1c7838ffcbb42142,Independent,37,Male,,False,True
668dc66f629802c9570027e6,Independent,22,Male,White,False,
6770579b7d8d56466844fb24,Independent,66,Female,,False,False
643bd22e67aeded15060e447,Republican,61,Female,Mixed,True,True
66ad9569037bbcc66dce48bc,Independent,19,Female,White,True,
63d159652247f6445d70ec1d,Independent,56,Male,Mixed,False,True
663913a30dfec86f2b19cd9b,Independent,62,Male,Mixed,,True
6720378a683a5d8a933493fb,Independent,44,Male,Mixed,True,True
6652883a5b982e914af62efd,Republican,61,Female,Mixed,False,True
672e325aa2b0bd2766a58378,Independent,37,Male,Mixed,,
67891958c3a3e5437a7ac875,Independent,43,Female,,False,True
656ddd6098479cee42ed8cbd,Independent,38,Female,,False,True
66aebc2458180fbfae675464,Independent,48,Male,,True,False
633af05da0499598ca6a9834,Democrat,53,Male,,,
5c7a94dc8fbcb100146b6dc7,Republican,37,Female,Asian,False,False
6765e871170d5768c6093c47,Independent,21,Male,Black,,
678835179bafdd4657bd5873,Republican,21,Male,Mixed,,
67e9c5ae31da35e759d17d8f,Republican,58,Female,Black,False,True
66914d77513c6887f66b2990,Independent,36,Male,,False,True
67608d020ab313f56180df41,Independent,68,Male,Black,False,True
66fbf7c64e20a027558cfa99,Independent,59,Female,Asian,False,False
67e2f87c6e3741dd0aeb1cb1,Republican,69,Female,Black,False,False
663a76878c91660487934528,Independent,22,Female,,True,True
63fb73b8e64f455117b045b9,Democrat,51,Male,,False,True
672bd32a765f7aaaada47150,Independent,37,Male,,,
6704445dc393ab3d310b4a80,Independent,53,Female,,False,True
65fcaa30c61e9b7657625912,Republican,61,Male,,False,False
65c3f819b8e779f427545d3d,Independent,55,Male,,False,True
61509f6eb3a929e50f33ede1,Independent,65,Male,,False,
6766c25793c13fc95c767574,Republican,74,Male,Black,False,False
67362689d04633e3c7663142,Republican,22,Male,,,
67db6b9f7ee1b0b7567ce00a,Republican,63,Male,,False,True
6668d0285bed676ff3ddbb19,Independent,60,Male,Mixed,False,
65428ccce27a0d4dbf9beb82,Republican,59,Male,Black,,
5bd612ce860b840001dc1a74,Independent,20,Male,,,
678924a1932fc5e21bf35431,Republican,22,Female,Mixed,,
67f2f6bfab91c1011c741d95,Republican,54,Female,,False,True
678836d5d46e9d4aa9971dea,Republican,58,Female,Asian,,
6568b0b4e9cc3024c09286f9,Democrat,73,Male,Mixed,,
67775a3990c24dfe448b78bd,Independent,57,Male,Asian,,
66aa7dc92e864bd2d481fadd,Republican,66,Female,,False,False
63b7992d848592c307fe1e49,Republican,61,Female,,,
